time,lat,lng,height
2015-08-20T03:48:07.235Z,32.519585,35.015021,136.1999969482422
2015-08-20T03:48:24.734Z,32.519606,35.014954,126.5999984741211
2015-08-20T03:48:25.660Z,32.519612,35.014871,123.0
2015-08-20T03:48:26.819Z,32.519654,35.014824,120.5
2015-08-20T03:48:27.828Z,32.519689,35.014776,118.9000015258789
2015-08-20T03:48:29.720Z,32.519691,35.014704,119.9000015258789
2015-08-20T03:48:30.669Z,32.519734,35.014657,120.9000015258789
2015-08-20T03:48:33.793Z,32.519719,35.014563,121.69999694824219
2015-08-20T03:48:34.869Z,32.519694,35.014549,121.19999694824219
2015-08-20T03:48:37.708Z,32.519625,35.014515,121.69999694824219
2015-08-20T03:48:38.839Z,32.519599,35.014505,121.80000305175781
2015-08-20T03:48:41.980Z,32.519514,35.014481,122.5999984741211
2015-08-20T03:48:42.725Z,32.519486,35.014472,123.0
2015-08-20T03:48:45.896Z,32.519405,35.014439,122.69999694824219
2015-08-20T03:48:46.662Z,32.519379,35.014432,122.69999694824219
2015-08-20T03:48:49.829Z,32.519309,35.014414,122.69999694824219
2015-08-20T03:48:50.665Z,32.519287,35.0144,123.30000305175781
2015-08-20T03:48:53.692Z,32.519211,35.014372,122.30000305175781
2015-08-20T03:48:54.662Z,32.519187,35.014365,122.5999984741211
2015-08-20T03:48:58.869Z,32.519106,35.014337,122.0
2015-08-20T03:48:59.663Z,32.519084,35.014331,121.80000305175781
2015-08-20T03:49:03.861Z,32.519009,35.014303,122.9000015258789
2015-08-20T03:49:04.663Z,32.518989,35.014306,122.9000015258789
2015-08-20T03:49:07.742Z,32.518916,35.01434,123.0999984741211
2015-08-20T03:50:13.679Z,32.517636,35.013531,115.19999694824219
2015-08-20T03:50:16.767Z,32.517589,35.013606,114.30000305175781
2015-08-20T03:50:17.719Z,32.517574,35.01363,114.19999694824219
2015-08-20T03:50:20.748Z,32.517529,35.013705,113.80000305175781
2015-08-20T03:50:21.681Z,32.517512,35.01373,114.19999694824219
2015-08-20T03:50:24.735Z,32.517459,35.013809,114.0
2015-08-20T03:50:25.677Z,32.517442,35.013834,113.0999984741211
2015-08-20T03:50:28.738Z,32.517389,35.013903,112.5999984741211
2015-08-20T03:50:29.673Z,32.517373,35.013925,113.5
2015-08-20T03:50:32.816Z,32.517323,35.013991,113.5999984741211
2015-08-20T03:50:33.682Z,32.517306,35.014012,113.4000015258789
2015-08-20T03:50:36.749Z,32.517254,35.014075,114.5999984741211
2015-08-20T03:50:37.744Z,32.517236,35.014095,114.19999694824219
2015-08-20T03:50:40.735Z,32.517183,35.014148,115.5
2015-08-20T03:50:41.682Z,32.517164,35.014167,116.0
2015-08-20T03:50:44.757Z,32.517111,35.014235,116.5999984741211
2015-08-20T03:50:45.674Z,32.517095,35.014257,116.5999984741211
2015-08-20T03:50:48.716Z,32.517044,35.014332,115.30000305175781
2015-08-20T03:50:49.684Z,32.517026,35.014357,115.0
2015-08-20T03:50:52.757Z,32.516972,35.014431,114.9000015258789
2015-08-20T03:50:53.688Z,32.516954,35.014456,114.9000015258789
2015-08-20T03:50:56.782Z,32.516891,35.014519,115.69999694824219
2015-08-20T03:50:57.731Z,32.516868,35.014522,114.0
2015-08-20T03:51:00.870Z,32.516818,35.01447,113.5999984741211
2015-08-20T03:51:01.772Z,32.516803,35.014442,113.0
2015-08-20T03:51:04.744Z,32.516752,35.01436,112.0
2015-08-20T03:51:05.747Z,32.516734,35.014335,112.30000305175781
2015-08-20T03:51:08.831Z,32.516677,35.014257,110.9000015258789
2015-08-20T03:51:09.744Z,32.516657,35.014233,110.80000305175781
2015-08-20T03:51:12.743Z,32.516591,35.014176,108.69999694824219
2015-08-20T03:51:13.702Z,32.516568,35.014162,108.4000015258789
2015-08-20T03:51:16.777Z,32.516506,35.014103,109.19999694824219
2015-08-20T03:51:17.729Z,32.516486,35.014084,108.4000015258789
2015-08-20T03:51:20.733Z,32.516421,35.014026,108.5
2015-08-20T03:51:21.670Z,32.5164,35.014006,108.5999984741211
2015-08-20T03:51:24.691Z,32.516338,35.013941,107.5999984741211
2015-08-20T03:51:25.672Z,32.516318,35.01392,107.9000015258789
2015-08-20T03:51:28.745Z,32.516253,35.013869,108.0
2015-08-20T03:51:29.677Z,32.51623,35.013852,108.0
2015-08-20T03:51:32.707Z,32.516174,35.013795,105.5999984741211
2015-08-20T03:51:33.674Z,32.516156,35.013775,104.80000305175781
2015-08-20T03:51:36.758Z,32.516108,35.01371,105.30000305175781
2015-08-20T03:51:37.675Z,32.516089,35.01369,103.9000015258789
2015-08-20T03:51:40.733Z,32.516033,35.013633,103.69999694824219
2015-08-20T03:51:41.674Z,32.516014,35.013615,103.5
2015-08-20T03:51:44.744Z,32.51596,35.013559,102.80000305175781
2015-08-20T03:51:45.679Z,32.515943,35.01354,103.0
2015-08-20T03:51:48.760Z,32.515891,35.013482,102.0
2015-08-20T03:51:49.684Z,32.515873,35.013463,102.0
2015-08-20T03:51:52.709Z,32.515826,35.013403,102.0
2015-08-20T03:51:53.672Z,32.515812,35.013382,102.0
2015-08-20T03:51:56.894Z,32.515761,35.013325,101.80000305175781
2015-08-20T03:51:57.767Z,32.515743,35.013307,101.30000305175781
2015-08-20T03:52:00.768Z,32.515693,35.013246,100.5
2015-08-20T03:52:01.676Z,32.515675,35.013226,100.80000305175781
2015-08-20T03:52:04.866Z,32.515622,35.013162,101.0999984741211
2015-08-20T03:52:05.780Z,32.515605,35.013139,100.69999694824219
2015-08-20T03:52:08.753Z,32.51555,35.013074,99.19999694824219
2015-08-20T03:52:09.700Z,32.515531,35.013055,99.19999694824219
2015-08-20T03:52:12.855Z,32.515471,35.012994,99.30000305175781
2015-08-20T03:52:13.780Z,32.515451,35.012974,99.0
2015-08-20T03:52:16.775Z,32.515388,35.012912,99.69999694824219
2015-08-20T03:52:17.704Z,32.515368,35.012891,99.69999694824219
2015-08-20T03:52:20.907Z,32.515311,35.012826,99.0999984741211
2015-08-20T03:52:21.779Z,32.515291,35.012806,98.80000305175781
2015-08-20T03:52:24.813Z,32.515226,35.01276,98.5
2015-08-20T03:52:25.698Z,32.515203,35.012747,97.9000015258789
2015-08-20T03:52:28.748Z,32.515136,35.012709,97.4000015258789
2015-08-20T03:52:29.672Z,32.515113,35.012694,97.0
2015-08-20T03:52:32.719Z,32.515052,35.012636,96.30000305175781
2015-08-20T03:52:33.698Z,32.515034,35.012617,96.30000305175781
2015-08-20T03:52:37.790Z,32.514986,35.012537,96.0999984741211
2015-08-20T03:52:38.678Z,32.514964,35.012521,96.5999984741211
2015-08-20T03:52:41.752Z,32.514901,35.01246,95.19999694824219
2015-08-20T03:52:42.684Z,32.514882,35.012438,94.69999694824219
2015-08-20T03:52:45.758Z,32.514836,35.012371,94.30000305175781
2015-08-20T03:52:46.679Z,32.514813,35.012367,94.9000015258789
2015-08-20T03:52:49.764Z,32.514761,35.012418,95.0
2015-08-20T03:52:50.678Z,32.514746,35.012445,95.4000015258789
2015-08-20T03:52:54.323Z,32.514689,35.012516,96.4000015258789
2015-08-20T03:52:54.673Z,32.514671,35.01254,96.5
2015-08-20T03:52:57.937Z,32.514631,35.012615,98.0
2015-08-20T03:52:58.682Z,32.514619,35.012636,97.69999694824219
2015-08-20T03:53:02.766Z,32.514562,35.012717,99.0999984741211
2015-08-20T03:53:03.678Z,32.514545,35.012741,99.19999694824219
2015-08-20T03:53:05.884Z,32.514507,35.012782,99.4000015258789
2015-08-20T03:53:33.775Z,32.514134,35.013324,105.19999694824219
2015-08-20T03:53:36.808Z,32.514092,35.013393,105.80000305175781
2015-08-20T03:53:37.677Z,32.514077,35.013417,106.19999694824219
2015-08-20T03:53:40.734Z,32.514028,35.013493,106.30000305175781
2015-08-20T03:53:41.686Z,32.514011,35.013514,107.19999694824219
2015-08-20T03:53:44.713Z,32.513947,35.013472,106.69999694824219
2015-08-20T03:53:45.682Z,32.513928,35.013445,107.30000305175781
2015-08-20T03:53:49.290Z,32.513882,35.013363,103.9000015258789
2015-08-20T03:53:49.679Z,32.513869,35.013336,102.5999984741211
2015-08-20T03:53:52.831Z,32.513823,35.01327,105.4000015258789
2015-08-20T03:53:53.737Z,32.513807,35.013251,105.0999984741211
2015-08-20T03:53:56.820Z,32.513777,35.013178,105.19999694824219
2015-08-20T03:53:57.772Z,32.513769,35.013153,104.69999694824219
2015-08-20T03:54:00.947Z,32.513739,35.013078,104.19999694824219
2015-08-20T03:54:01.713Z,32.513726,35.013053,103.9000015258789
2015-08-20T03:54:04.796Z,32.513683,35.012981,102.80000305175781
2015-08-20T03:54:05.739Z,32.513666,35.012958,102.30000305175781
2015-08-20T03:54:08.837Z,32.513614,35.012891,100.4000015258789
2015-08-20T03:54:09.736Z,32.513598,35.012869,100.4000015258789
2015-08-20T03:54:12.795Z,32.513558,35.012791,100.5999984741211
2015-08-20T03:54:13.691Z,32.513546,35.012765,100.4000015258789
2015-08-20T03:54:17.425Z,32.513513,35.012687,99.69999694824219
2015-08-20T03:54:17.724Z,32.513502,35.01266,99.9000015258789
2015-08-20T03:54:20.759Z,32.513469,35.012578,102.0
2015-08-20T03:54:21.692Z,32.51346,35.01255,102.0999984741211
2015-08-20T03:54:24.813Z,32.513433,35.012471,101.5999984741211
2015-08-20T03:54:25.692Z,32.513426,35.012445,100.9000015258789
2015-08-20T03:54:28.783Z,32.513402,35.012367,100.0999984741211
2015-08-20T03:54:29.687Z,32.513394,35.012338,99.19999694824219
2015-08-20T03:54:32.827Z,32.513355,35.01226,99.5
2015-08-20T03:54:33.691Z,32.51334,35.012236,99.4000015258789
2015-08-20T03:54:36.774Z,32.513301,35.012159,98.30000305175781
2015-08-20T03:54:37.686Z,32.513288,35.012135,96.69999694824219
2015-08-20T03:54:40.787Z,32.513249,35.012063,95.19999694824219
2015-08-20T03:54:41.686Z,32.513237,35.012037,95.0
2015-08-20T03:54:44.769Z,32.513199,35.011961,94.69999694824219
2015-08-20T03:54:45.688Z,32.513184,35.011937,95.19999694824219
2015-08-20T03:54:48.745Z,32.51314,35.011868,93.30000305175781
2015-08-20T03:54:49.689Z,32.513126,35.011844,93.19999694824219
2015-08-20T03:54:52.757Z,32.513097,35.011766,92.5
2015-08-20T03:54:53.684Z,32.513088,35.011741,91.4000015258789
2015-08-20T03:54:57.781Z,32.513055,35.011644,91.19999694824219
2015-08-20T03:54:58.688Z,32.513048,35.011618,90.9000015258789
2015-08-20T03:55:01.904Z,32.513024,35.011538,90.69999694824219
2015-08-20T03:55:02.695Z,32.513016,35.01151,91.0
2015-08-20T03:55:05.766Z,32.512991,35.011432,90.0
2015-08-20T03:55:06.696Z,32.512982,35.011409,88.9000015258789
2015-08-20T03:55:10.766Z,32.512965,35.01131,88.0
2015-08-20T03:55:11.690Z,32.512962,35.011284,88.0999984741211
2015-08-20T03:55:14.787Z,32.512944,35.011205,87.9000015258789
2015-08-20T03:55:15.692Z,32.512936,35.011179,87.80000305175781
2015-08-20T03:55:18.789Z,32.512908,35.0111,86.80000305175781
2015-08-20T03:55:19.724Z,32.512897,35.011073,87.69999694824219
2015-08-20T03:55:22.747Z,32.512862,35.010991,88.0
2015-08-20T03:55:23.801Z,32.51285,35.010963,88.30000305175781
2015-08-20T03:55:26.824Z,32.51282,35.010873,88.0999984741211
2015-08-20T03:55:27.730Z,32.51281,35.010844,87.30000305175781
2015-08-20T03:55:30.791Z,32.512774,35.010765,87.4000015258789
2015-08-20T03:55:31.786Z,32.512762,35.010739,87.5999984741211
2015-08-20T03:55:34.837Z,32.512726,35.010661,86.80000305175781
2015-08-20T03:55:35.724Z,32.512714,35.010636,86.69999694824219
2015-08-20T03:55:38.786Z,32.512676,35.010562,87.19999694824219
2015-08-20T03:55:39.770Z,32.512664,35.010537,87.30000305175781
2015-08-20T03:55:42.826Z,32.512645,35.010455,87.0999984741211
2015-08-20T03:55:43.699Z,32.512642,35.010426,86.5999984741211
2015-08-20T03:55:46.771Z,32.512637,35.01034,85.0
2015-08-20T03:55:47.692Z,32.512636,35.010313,84.9000015258789
2015-08-20T03:55:51.779Z,32.512629,35.010212,84.9000015258789
2015-08-20T03:55:52.694Z,32.512625,35.010189,84.4000015258789
2015-08-20T03:55:56.849Z,32.512594,35.010093,82.9000015258789
2015-08-20T03:55:57.697Z,32.512584,35.010068,83.69999694824219
2015-08-20T03:56:00.786Z,32.512551,35.009988,84.0999984741211
2015-08-20T03:56:01.697Z,32.512539,35.009961,84.5
2015-08-20T03:56:04.757Z,32.512505,35.009883,84.0
2015-08-20T03:56:05.839Z,32.512493,35.009857,84.0
2015-08-20T03:56:08.782Z,32.512456,35.009785,83.0
2015-08-20T03:56:09.705Z,32.512445,35.009762,82.9000015258789
2015-08-20T03:56:12.777Z,32.512408,35.009692,82.4000015258789
2015-08-20T03:56:13.701Z,32.512395,35.009668,82.80000305175781
2015-08-20T03:56:16.840Z,32.512362,35.009595,81.5999984741211
2015-08-20T03:56:17.698Z,32.512347,35.009574,81.30000305175781
2015-08-20T03:56:20.757Z,32.512291,35.009517,81.80000305175781
2015-08-20T03:56:21.708Z,32.512267,35.009495,81.69999694824219
2015-08-20T03:56:24.832Z,32.512213,35.00943,82.30000305175781
2015-08-20T03:56:25.698Z,32.512199,35.00941,82.0
2015-08-20T03:56:28.974Z,32.512144,35.009361,80.69999694824219
2015-08-20T03:57:10.713Z,32.511551,35.009294,84.0
2015-08-20T03:57:14.785Z,32.511533,35.009386,86.9000015258789
2015-08-20T03:57:15.920Z,32.511524,35.009408,87.5
2015-08-20T03:57:19.818Z,32.511467,35.009485,87.30000305175781
2015-08-20T03:57:20.757Z,32.51145,35.0095,86.80000305175781
2015-08-20T03:57:24.836Z,32.511379,35.009559,89.5999984741211
2015-08-20T03:57:25.763Z,32.511362,35.009573,89.5
2015-08-20T03:57:29.824Z,32.511303,35.009636,89.0
2015-08-20T03:57:30.702Z,32.511293,35.009653,88.80000305175781
2015-08-20T03:57:35.785Z,32.511252,35.009745,91.19999694824219
2015-08-20T03:57:36.709Z,32.511245,35.009764,91.69999694824219
2015-08-20T03:57:41.812Z,32.511216,35.009855,91.30000305175781
2015-08-20T03:57:42.760Z,32.511212,35.009875,91.80000305175781
2015-08-20T03:57:47.810Z,32.511215,35.009977,87.69999694824219
2015-08-20T03:57:48.711Z,32.511218,35.009998,88.5999984741211
2015-08-20T03:57:53.815Z,32.511226,35.010102,86.19999694824219
2015-08-20T03:57:54.704Z,32.511225,35.010123,86.5999984741211
2015-08-20T03:57:59.780Z,32.511209,35.010227,86.9000015258789
2015-08-20T03:58:00.710Z,32.511202,35.010248,87.9000015258789
2015-08-20T03:58:04.797Z,32.511172,35.010329,88.80000305175781
2015-08-20T03:58:05.710Z,32.511162,35.010348,88.5
2015-08-20T03:58:09.754Z,32.511117,35.010419,90.30000305175781
2015-08-20T03:58:23.793Z,32.510997,35.010643,93.5
2015-08-20T03:58:28.757Z,32.510988,35.010748,93.19999694824219
2015-08-20T03:58:29.705Z,32.510981,35.010764,93.5999984741211
2015-08-20T03:58:34.772Z,32.510925,35.010825,93.30000305175781
2015-08-20T03:58:35.709Z,32.510912,35.010837,93.80000305175781
2015-08-20T03:58:40.773Z,32.510838,35.010887,95.4000015258789
2015-08-20T03:58:41.710Z,32.510821,35.010891,94.69999694824219
2015-08-20T03:58:46.790Z,32.510745,35.010903,97.69999694824219
2015-08-20T03:58:47.755Z,32.510729,35.01091,98.4000015258789
2015-08-20T03:58:52.795Z,32.510651,35.010939,100.5
2015-08-20T03:58:53.723Z,32.510637,35.010948,99.69999694824219
2015-08-20T03:58:58.841Z,32.510557,35.010988,98.80000305175781
2015-08-20T03:58:59.753Z,32.510539,35.010993,97.80000305175781
2015-08-20T03:59:04.834Z,32.510462,35.011028,98.19999694824219
2015-08-20T03:59:05.760Z,32.510448,35.011037,98.0999984741211
2015-08-20T03:59:10.877Z,32.510369,35.011071,98.0
2015-08-20T03:59:11.758Z,32.510353,35.011076,99.30000305175781
2015-08-20T03:59:16.821Z,32.510278,35.011083,100.19999694824219
2015-08-20T03:59:17.799Z,32.510262,35.011083,100.0
2015-08-20T03:59:22.869Z,32.510184,35.011083,100.5999984741211
2015-08-20T03:59:23.773Z,32.510168,35.011081,101.0
2015-08-20T03:59:29.840Z,32.510085,35.011108,103.69999694824219
2015-08-20T03:59:30.719Z,32.510071,35.011108,103.19999694824219
2015-08-20T03:59:35.811Z,32.509998,35.011101,104.0
2015-08-20T03:59:36.722Z,32.50998,35.011102,105.30000305175781
2015-08-20T03:59:41.823Z,32.509892,35.011123,109.5999984741211
2015-08-20T03:59:42.900Z,32.509875,35.011126,109.80000305175781
2015-08-20T03:59:47.759Z,32.509797,35.011142,112.30000305175781
2015-08-20T03:59:48.718Z,32.509782,35.011142,112.80000305175781
2015-08-20T03:59:54.855Z,32.509693,35.011128,110.80000305175781
2015-08-20T03:59:55.709Z,32.509679,35.01113,110.4000015258789
2015-08-20T04:00:02.764Z,32.509592,35.011152,109.19999694824219
2015-08-20T04:00:03.761Z,32.509576,35.011153,108.4000015258789
2015-08-20T04:00:08.786Z,32.509491,35.011162,109.80000305175781
2015-08-20T04:00:09.727Z,32.509474,35.011171,110.0999984741211
2015-08-20T04:00:13.815Z,32.50941,35.011228,111.5999984741211
2015-08-20T04:00:14.721Z,32.509395,35.011246,111.80000305175781
2015-08-20T04:00:18.879Z,32.509335,35.011324,111.0999984741211
2015-08-20T04:00:19.739Z,32.509325,35.011348,111.0
2015-08-20T04:00:22.758Z,32.50931,35.011425,110.30000305175781
2015-08-20T04:00:26.765Z,32.509363,35.011497,109.4000015258789
2015-08-20T04:00:31.754Z,32.509427,35.011568,109.5
2015-08-20T04:00:32.724Z,32.509434,35.01158,109.4000015258789
2015-08-20T04:00:38.798Z,32.509408,35.01168,108.30000305175781
2015-08-20T04:00:39.732Z,32.509398,35.011698,108.30000305175781
2015-08-20T04:00:44.912Z,32.509339,35.011764,106.5999984741211
2015-08-20T04:00:45.722Z,32.509328,35.011776,106.69999694824219
2015-08-20T04:00:50.955Z,32.509276,35.011845,103.0
2015-08-20T04:00:51.724Z,32.509261,35.011857,102.19999694824219
2015-08-20T04:00:56.837Z,32.509182,35.011906,100.9000015258789
2015-08-20T04:00:57.790Z,32.509167,35.011919,100.69999694824219
2015-08-20T04:01:02.893Z,32.509097,35.011982,100.5
2015-08-20T04:01:03.767Z,32.509082,35.011995,100.0999984741211
2015-08-20T04:01:07.773Z,32.509023,35.012046,98.69999694824219
2015-08-20T04:01:08.723Z,32.509008,35.01206,98.4000015258789
2015-08-20T04:01:12.892Z,32.508949,35.012118,98.19999694824219
2015-08-20T04:01:13.730Z,32.508936,35.012133,97.80000305175781
2015-08-20T04:01:17.889Z,32.508888,35.012198,96.9000015258789
2015-08-20T04:01:18.737Z,32.508875,35.012215,96.9000015258789
2015-08-20T04:01:22.773Z,32.508815,35.012275,96.0
2015-08-20T04:01:23.738Z,32.508801,35.012291,95.69999694824219
2015-08-20T04:01:27.842Z,32.508754,35.012367,95.5
2015-08-20T04:01:28.724Z,32.508745,35.01239,95.30000305175781
2015-08-20T04:01:32.771Z,32.508719,35.012489,94.9000015258789
2015-08-20T04:01:33.737Z,32.508714,35.012511,94.19999694824219
2015-08-20T04:01:37.826Z,32.508683,35.012593,93.30000305175781
2015-08-20T04:01:38.805Z,32.50867,35.012613,93.69999694824219
2015-08-20T04:01:42.885Z,32.508632,35.012693,92.0999984741211
2015-08-20T04:01:43.769Z,32.508626,35.012715,91.30000305175781
2015-08-20T04:01:47.862Z,32.508605,35.012807,90.5999984741211
2015-08-20T04:01:48.809Z,32.508601,35.012831,90.19999694824219
2015-08-20T04:01:52.842Z,32.508585,35.012924,89.5999984741211
2015-08-20T04:01:53.730Z,32.508577,35.012946,88.4000015258789
2015-08-20T04:01:56.975Z,32.508545,35.013015,88.0999984741211
2015-08-20T04:01:57.734Z,32.508537,35.013042,88.4000015258789
2015-08-20T04:02:01.816Z,32.508514,35.013143,87.30000305175781
2015-08-20T04:02:02.766Z,32.508506,35.013164,87.19999694824219
2015-08-20T04:02:06.811Z,32.508474,35.01325,87.0999984741211
2015-08-20T04:02:07.740Z,32.508467,35.013272,87.19999694824219
2015-08-20T04:02:11.804Z,32.508432,35.013361,87.4000015258789
2015-08-20T04:02:12.733Z,32.508421,35.013383,88.0
2015-08-20T04:02:16.800Z,32.508376,35.013474,88.0999984741211
2015-08-20T04:02:17.734Z,32.508364,35.013495,87.30000305175781
2015-08-20T04:02:22.799Z,32.508313,35.013573,85.19999694824219
2015-08-20T04:02:23.743Z,32.5083,35.013586,85.0
2015-08-20T04:02:28.794Z,32.508228,35.013635,80.80000305175781
2015-08-20T04:02:29.755Z,32.508212,35.013642,80.19999694824219
2015-08-20T04:02:33.807Z,32.508138,35.013675,79.9000015258789
2015-08-20T04:02:34.804Z,32.508119,35.013685,80.0999984741211
2015-08-20T04:02:38.812Z,32.508092,35.013769,80.69999694824219
2015-08-20T04:02:39.879Z,32.508098,35.0138,81.0
2015-08-20T04:02:42.909Z,32.508128,35.013877,79.69999694824219
2015-08-20T04:02:43.754Z,32.508136,35.013901,80.80000305175781
2015-08-20T04:02:48.018Z,32.508157,35.014002,80.5999984741211
2015-08-20T04:02:48.746Z,32.508158,35.014028,80.5999984741211
2015-08-20T04:02:56.857Z,32.508152,35.014134,80.69999694824219
2015-08-20T04:02:57.964Z,32.508154,35.014166,80.4000015258789
2015-08-20T04:03:00.838Z,32.508153,35.014262,80.0999984741211
2015-08-20T04:03:01.834Z,32.508154,35.014292,79.80000305175781
2015-08-20T04:03:04.926Z,32.508161,35.014381,78.80000305175781
2015-08-20T04:03:05.735Z,32.508159,35.014411,79.19999694824219
2015-08-20T04:03:08.875Z,32.508163,35.014501,79.0
2015-08-20T04:03:09.740Z,32.508176,35.014527,79.9000015258789
2015-08-20T04:03:12.773Z,32.508198,35.014609,80.4000015258789
2015-08-20T04:03:13.733Z,32.508205,35.014635,81.4000015258789
2015-08-20T04:03:17.917Z,32.508223,35.01473,81.0
2015-08-20T04:03:18.741Z,32.508227,35.014754,81.5
2015-08-20T04:03:22.777Z,32.508247,35.014854,81.5999984741211
2015-08-20T04:03:23.734Z,32.508254,35.01488,81.19999694824219
2015-08-20T04:03:26.806Z,32.508274,35.014959,81.0
2015-08-20T04:03:27.736Z,32.508278,35.014985,81.19999694824219
2015-08-20T04:03:31.781Z,32.508291,35.015084,83.30000305175781
2015-08-20T04:03:32.733Z,32.508294,35.015108,83.5999984741211
2015-08-20T04:03:36.817Z,32.508315,35.015203,84.5999984741211
2015-08-20T04:03:37.735Z,32.508318,35.015227,84.30000305175781
2015-08-20T04:03:41.910Z,32.508329,35.015329,84.80000305175781
2015-08-20T04:03:42.735Z,32.508329,35.015354,84.9000015258789
2015-08-20T04:03:46.780Z,32.508337,35.015452,85.30000305175781
2015-08-20T04:03:47.739Z,32.50834,35.015477,85.0
2015-08-20T04:03:51.812Z,32.50836,35.015572,84.5999984741211
2015-08-20T04:03:52.753Z,32.50837,35.015594,83.5999984741211
2015-08-20T04:03:56.823Z,32.508393,35.015688,84.0999984741211
2015-08-20T04:03:57.748Z,32.508398,35.015712,83.5
2015-08-20T04:04:01.886Z,32.508414,35.015804,83.19999694824219
2015-08-20T04:04:02.806Z,32.508417,35.015827,82.80000305175781
2015-08-20T04:04:06.819Z,32.508435,35.015917,81.19999694824219
2015-08-20T04:04:07.737Z,32.508441,35.015939,80.5999984741211
2015-08-20T04:04:11.934Z,32.508457,35.016031,81.0999984741211
2015-08-20T04:04:12.809Z,32.50846,35.016053,81.19999694824219
2015-08-20T04:04:16.845Z,32.508471,35.016144,79.0999984741211
2015-08-20T04:04:17.756Z,32.508474,35.016168,79.19999694824219
2015-08-20T04:04:21.812Z,32.508485,35.016264,77.9000015258789
2015-08-20T04:04:22.738Z,32.508485,35.016287,77.5
2015-08-20T04:04:26.828Z,32.508482,35.016389,78.30000305175781
2015-08-20T04:04:27.741Z,32.508484,35.016415,79.5
2015-08-20T04:04:30.815Z,32.508498,35.016495,79.19999694824219
2015-08-20T04:04:31.780Z,32.508502,35.016521,79.19999694824219
2015-08-20T04:04:35.782Z,32.508519,35.016616,80.19999694824219
2015-08-20T04:04:36.758Z,32.508519,35.01664,80.5999984741211
2015-08-20T04:04:40.819Z,32.508524,35.016736,80.9000015258789
2015-08-20T04:04:41.739Z,32.508526,35.01676,80.5999984741211
2015-08-20T04:04:45.822Z,32.50854,35.016862,82.0999984741211
2015-08-20T04:04:46.754Z,32.508545,35.016889,81.69999694824219
2015-08-20T04:04:49.819Z,32.50856,35.016969,81.69999694824219
2015-08-20T04:04:50.751Z,32.508565,35.016995,81.69999694824219
2015-08-20T04:04:54.827Z,32.508588,35.017093,81.5
2015-08-20T04:04:55.741Z,32.508594,35.017118,81.30000305175781
2015-08-20T04:04:59.953Z,32.508622,35.017211,81.69999694824219
2015-08-20T04:05:00.898Z,32.508629,35.017233,81.9000015258789
2015-08-20T04:05:04.825Z,32.50865,35.017327,83.69999694824219
2015-08-20T04:05:05.753Z,32.508654,35.017352,83.9000015258789
2015-08-20T04:05:09.820Z,32.508676,35.017453,85.80000305175781
2015-08-20T04:05:10.752Z,32.508681,35.017477,85.19999694824219
2015-08-20T04:05:14.782Z,32.508707,35.017574,85.0
2015-08-20T04:05:15.746Z,32.508715,35.017599,84.69999694824219
2015-08-20T04:05:18.810Z,32.508727,35.017679,84.30000305175781
2015-08-20T04:05:19.754Z,32.508727,35.017706,85.0999984741211
2015-08-20T04:05:23.821Z,32.508727,35.017811,85.19999694824219
2015-08-20T04:05:24.748Z,32.508732,35.017839,85.19999694824219
2015-08-20T04:05:27.786Z,32.508745,35.017921,84.4000015258789
2015-08-20T04:05:28.751Z,32.508745,35.01795,84.69999694824219
2015-08-20T04:05:31.779Z,32.508764,35.018032,84.69999694824219
2015-08-20T04:05:32.778Z,32.508771,35.01806,84.5
2015-08-20T04:05:35.827Z,32.508779,35.018146,84.69999694824219
2015-08-20T04:05:36.757Z,32.508782,35.018173,83.30000305175781
2015-08-20T04:05:40.868Z,32.508792,35.018274,83.5
2015-08-20T04:05:41.830Z,32.508795,35.018298,84.5
2015-08-20T04:05:45.830Z,32.508801,35.018397,83.69999694824219
2015-08-20T04:05:46.745Z,32.508802,35.018421,82.80000305175781
2015-08-20T04:05:50.865Z,32.508796,35.018515,80.9000015258789
2015-08-20T04:05:51.774Z,32.508792,35.018539,81.5
2015-08-20T04:05:55.985Z,32.508787,35.018637,82.5999984741211
2015-08-20T04:05:56.877Z,32.508784,35.01866,82.9000015258789
2015-08-20T04:06:01.100Z,32.508772,35.018762,84.80000305175781
2015-08-20T04:06:01.788Z,32.508772,35.018789,84.80000305175781
2015-08-20T04:06:04.895Z,32.508772,35.018874,84.69999694824219
2015-08-20T04:06:05.832Z,32.508774,35.018902,83.80000305175781
2015-08-20T04:06:08.882Z,32.50878,35.018988,82.0999984741211
2015-08-20T04:06:10.029Z,32.508783,35.019016,81.80000305175781
2015-08-20T04:06:12.907Z,32.508795,35.019104,80.5999984741211
2015-08-20T04:06:13.760Z,32.508798,35.019135,79.5
2015-08-20T04:06:16.824Z,32.508818,35.01922,80.5
2015-08-20T04:06:17.748Z,32.508826,35.019248,79.5
2015-08-20T04:06:20.825Z,32.508859,35.019327,79.4000015258789
2015-08-20T04:06:21.750Z,32.508868,35.019355,79.9000015258789
2015-08-20T04:06:24.830Z,32.508895,35.019439,80.0
2015-08-20T04:06:25.755Z,32.508902,35.019465,80.4000015258789
2015-08-20T04:06:28.846Z,32.508922,35.019544,79.0
2015-08-20T04:06:29.760Z,32.50893,35.019568,79.30000305175781
2015-08-20T04:06:33.815Z,32.50896,35.019661,79.5
2015-08-20T04:06:34.814Z,32.508969,35.019684,80.19999694824219
2015-08-20T04:06:38.879Z,32.509004,35.019779,80.4000015258789
2015-08-20T04:06:39.758Z,32.509014,35.019804,79.19999694824219
2015-08-20T04:06:42.786Z,32.509039,35.01988,79.9000015258789
2015-08-20T04:06:43.754Z,32.509046,35.019905,79.4000015258789
2015-08-20T04:06:47.808Z,32.509086,35.019981,80.0
2015-08-20T04:06:48.764Z,32.509093,35.019999,79.69999694824219
2015-08-20T04:06:53.841Z,32.509119,35.020097,80.0
2015-08-20T04:06:54.756Z,32.509125,35.020119,79.30000305175781
2015-08-20T04:06:58.908Z,32.509153,35.020204,81.5999984741211
2015-08-20T04:06:59.766Z,32.509157,35.020226,81.80000305175781
2015-08-20T04:07:04.844Z,32.509181,35.020326,83.19999694824219
2015-08-20T04:07:05.792Z,32.509186,35.020345,82.0999984741211
2015-08-20T04:07:09.806Z,32.509207,35.020426,82.5999984741211
2015-08-20T04:07:10.753Z,32.509211,35.020448,81.9000015258789
2015-08-20T04:07:14.850Z,32.509228,35.020537,82.30000305175781
2015-08-20T04:07:15.779Z,32.509234,35.020559,82.5
2015-08-20T04:07:19.852Z,32.50925,35.02065,87.4000015258789
2015-08-20T04:07:20.770Z,32.509254,35.020673,86.9000015258789
2015-08-20T04:07:24.887Z,32.509278,35.020759,88.0999984741211
2015-08-20T04:07:25.772Z,32.509284,35.020781,88.69999694824219
2015-08-20T04:07:29.868Z,32.509304,35.020867,89.5999984741211
2015-08-20T04:07:30.822Z,32.509309,35.020888,88.4000015258789
2015-08-20T04:07:34.900Z,32.509322,35.020976,89.0999984741211
2015-08-20T04:07:35.760Z,32.509325,35.020997,87.9000015258789
2015-08-20T04:07:41.002Z,32.509351,35.021097,86.4000015258789
2015-08-20T04:07:41.805Z,32.509356,35.021117,86.5999984741211
2015-08-20T04:07:47.040Z,32.509381,35.021218,87.69999694824219
2015-08-20T04:07:47.830Z,32.509384,35.021238,87.69999694824219
2015-08-20T04:07:51.835Z,32.509403,35.021322,88.19999694824219
2015-08-20T04:07:52.792Z,32.509405,35.021342,88.30000305175781
2015-08-20T04:07:57.866Z,32.509433,35.021441,88.80000305175781
2015-08-20T04:07:58.770Z,32.509438,35.021462,88.5
2015-08-20T04:08:02.860Z,32.509445,35.021548,88.0
2015-08-20T04:08:03.761Z,32.509445,35.021571,88.0
2015-08-20T04:08:07.842Z,32.509489,35.021641,88.0
2015-08-20T04:08:08.772Z,32.509511,35.021648,88.5999984741211
2015-08-20T04:08:12.796Z,32.509599,35.02164,88.5999984741211
2015-08-20T04:08:13.757Z,32.509619,35.021636,88.30000305175781
2015-08-20T04:08:17.819Z,32.509691,35.021609,88.80000305175781
2015-08-20T04:08:18.850Z,32.509711,35.021606,89.5999984741211
2015-08-20T04:08:22.966Z,32.509787,35.021593,91.0999984741211
2015-08-20T04:08:23.757Z,32.509805,35.021589,91.30000305175781
2015-08-20T04:08:28.794Z,32.509887,35.021561,91.80000305175781
2015-08-20T04:08:29.759Z,32.509901,35.021551,92.19999694824219
2015-08-20T04:08:35.900Z,32.509982,35.021518,91.0
2015-08-20T04:08:36.758Z,32.509996,35.021516,91.0999984741211
2015-08-20T04:08:41.814Z,32.510072,35.021502,91.5
2015-08-20T04:08:42.760Z,32.510086,35.021494,92.0
2015-08-20T04:08:47.832Z,32.510153,35.021456,94.5
2015-08-20T04:08:48.774Z,32.510169,35.021447,94.0
2015-08-20T04:08:53.897Z,32.51024,35.021412,95.5999984741211
2015-08-20T04:08:54.788Z,32.510255,35.021404,95.80000305175781
2015-08-20T04:08:59.841Z,32.510334,35.021376,97.9000015258789
2015-08-20T04:09:00.764Z,32.51035,35.021375,98.5
2015-08-20T04:09:05.833Z,32.510434,35.021379,100.30000305175781
2015-08-20T04:09:06.775Z,32.510449,35.021382,100.30000305175781
2015-08-20T04:09:11.860Z,32.51053,35.021413,101.0
2015-08-20T04:09:12.835Z,32.510546,35.021419,101.0999984741211
2015-08-20T04:09:17.860Z,32.510605,35.021491,99.5999984741211
2015-08-20T04:09:18.765Z,32.510614,35.021508,99.19999694824219
2015-08-20T04:09:23.855Z,32.510657,35.021598,98.9000015258789
2015-08-20T04:09:24.776Z,32.510665,35.021618,98.69999694824219
2015-08-20T04:09:28.839Z,32.510702,35.021694,99.19999694824219
2015-08-20T04:09:29.768Z,32.510714,35.021709,99.19999694824219
2015-08-20T04:09:34.851Z,32.510775,35.021785,99.4000015258789
2015-08-20T04:09:35.768Z,32.510788,35.021799,98.9000015258789
2015-08-20T04:09:39.837Z,32.510838,35.021858,99.0999984741211
2015-08-20T04:09:40.769Z,32.510849,35.021877,98.80000305175781
2015-08-20T04:09:44.872Z,32.51089,35.02196,97.4000015258789
2015-08-20T04:09:45.774Z,32.510899,35.02198,98.19999694824219
2015-08-20T04:09:49.854Z,32.510933,35.022068,98.5
2015-08-20T04:09:50.768Z,32.51094,35.022091,97.69999694824219
2015-08-20T04:09:54.847Z,32.510969,35.022182,97.69999694824219
2015-08-20T04:09:55.768Z,32.510979,35.022202,97.5999984741211
2015-08-20T04:09:59.850Z,32.511022,35.022282,97.5
2015-08-20T04:10:00.776Z,32.511032,35.0223,97.5999984741211
2015-08-20T04:10:05.856Z,32.511085,35.022376,98.9000015258789
2015-08-20T04:10:06.766Z,32.511094,35.022391,98.69999694824219
2015-08-20T04:10:12.468Z,32.511146,35.022471,99.80000305175781
2015-08-20T04:10:12.830Z,32.511155,35.022488,99.9000015258789
2015-08-20T04:10:17.817Z,32.511197,35.022577,99.69999694824219
2015-08-20T04:10:18.783Z,32.511205,35.022595,99.5999984741211
2015-08-20T04:10:23.827Z,32.511237,35.022677,100.69999694824219
2015-08-20T04:10:24.781Z,32.511247,35.02269,100.4000015258789
2015-08-20T04:10:29.980Z,32.511298,35.022761,101.80000305175781
2015-08-20T04:10:30.838Z,32.511309,35.022774,102.30000305175781
2015-08-20T04:10:35.889Z,32.51139,35.022733,103.30000305175781
2015-08-20T04:10:36.783Z,32.511398,35.022713,103.30000305175781
2015-08-20T04:10:40.836Z,32.511421,35.022627,99.9000015258789
2015-08-20T04:10:41.777Z,32.511418,35.0226,100.0999984741211
2015-08-20T04:10:45.853Z,32.511412,35.022497,99.5999984741211
2015-08-20T04:10:46.785Z,32.511417,35.022477,99.69999694824219
2015-08-20T04:10:51.857Z,32.511476,35.022398,103.5
2015-08-20T04:10:52.769Z,32.511487,35.022382,103.30000305175781
2015-08-20T04:10:57.843Z,32.511493,35.022287,100.69999694824219
2015-08-20T04:10:58.777Z,32.511486,35.022269,100.4000015258789
2015-08-20T04:11:02.933Z,32.511446,35.022192,100.69999694824219
2015-08-20T04:11:03.781Z,32.511434,35.022173,101.5
2015-08-20T04:11:07.870Z,32.511387,35.022099,103.80000305175781
2015-08-20T04:11:08.771Z,32.511378,35.022078,104.30000305175781
2015-08-20T04:11:12.832Z,32.511372,35.02199,105.5
2015-08-20T04:11:13.785Z,32.511375,35.021969,104.4000015258789
2015-08-20T04:11:18.859Z,32.511364,35.021865,104.4000015258789
2015-08-20T04:11:19.774Z,32.511358,35.021844,104.30000305175781
2015-08-20T04:11:23.916Z,32.511348,35.021755,104.30000305175781
2015-08-20T04:11:24.856Z,32.511341,35.021733,104.5999984741211
2015-08-20T04:11:28.859Z,32.511297,35.021653,103.5999984741211
2015-08-20T04:11:29.785Z,32.511285,35.021634,103.5999984741211
2015-08-20T04:11:33.916Z,32.511249,35.021544,102.69999694824219
2015-08-20T04:11:34.777Z,32.511242,35.021523,102.0
2015-08-20T04:11:38.845Z,32.511193,35.021447,101.69999694824219
2015-08-20T04:11:39.776Z,32.511181,35.02143,101.9000015258789
2015-08-20T04:11:43.854Z,32.511127,35.021367,101.4000015258789
2015-08-20T04:11:44.781Z,32.511111,35.021355,100.69999694824219
2015-08-20T04:11:48.862Z,32.511036,35.021326,99.69999694824219
2015-08-20T04:11:49.796Z,32.511016,35.021322,100.0999984741211
2015-08-20T04:11:53.868Z,32.510939,35.021304,99.4000015258789
2015-08-20T04:11:54.783Z,32.51092,35.021295,99.30000305175781
2015-08-20T04:11:58.880Z,32.510854,35.021241,99.5
2015-08-20T04:11:59.783Z,32.51084,35.021223,98.69999694824219
2015-08-20T04:12:03.871Z,32.510782,35.021152,97.30000305175781
2015-08-20T04:12:04.793Z,32.510766,35.021134,97.5999984741211
2015-08-20T04:12:08.851Z,32.510714,35.021052,96.5999984741211
2015-08-20T04:12:09.802Z,32.510703,35.02103,96.9000015258789
2015-08-20T04:12:13.871Z,32.510683,35.020927,96.0999984741211
2015-08-20T04:12:14.784Z,32.510684,35.020899,96.0999984741211
2015-08-20T04:12:17.844Z,32.510691,35.020811,96.5999984741211
2015-08-20T04:12:18.868Z,32.510695,35.02078,97.0
2015-08-20T04:12:21.929Z,32.51071,35.020689,96.69999694824219
2015-08-20T04:12:22.857Z,32.510717,35.02066,96.5999984741211
2015-08-20T04:12:25.926Z,32.51074,35.020582,96.0999984741211
2015-08-20T04:12:26.841Z,32.510747,35.020556,95.5999984741211
2015-08-20T04:12:30.906Z,32.510777,35.020461,94.30000305175781
2015-08-20T04:12:32.078Z,32.510786,35.020438,94.19999694824219
2015-08-20T04:12:35.899Z,32.510816,35.02034,92.4000015258789
2015-08-20T04:12:37.006Z,32.51082,35.020313,92.5999984741211
2015-08-20T04:12:39.957Z,32.510831,35.020222,93.9000015258789
2015-08-20T04:12:40.800Z,32.510836,35.020193,93.30000305175781
2015-08-20T04:12:43.876Z,32.510856,35.020111,93.5
2015-08-20T04:12:44.798Z,32.510863,35.020084,93.5
2015-08-20T04:12:47.876Z,32.510892,35.02001,92.9000015258789
2015-08-20T04:12:48.814Z,32.510902,35.019987,92.69999694824219
2015-08-20T04:12:52.978Z,32.510944,35.019899,92.30000305175781
2015-08-20T04:12:53.847Z,32.510955,35.019877,92.0
2015-08-20T04:12:57.829Z,32.510988,35.019784,92.19999694824219
2015-08-20T04:12:58.800Z,32.510993,35.019759,91.9000015258789
2015-08-20T04:13:01.913Z,32.511,35.019676,90.5999984741211
2015-08-20T04:13:03.025Z,32.511004,35.019648,90.5999984741211
2015-08-20T04:13:05.853Z,32.511023,35.019567,90.0
2015-08-20T04:13:06.809Z,32.511031,35.019541,89.5999984741211
2015-08-20T04:13:09.907Z,32.511058,35.01947,88.69999694824219
2015-08-20T04:13:11.796Z,32.511085,35.019434,88.5
2015-08-20T04:13:15.810Z,32.511152,35.019368,89.5999984741211
2015-08-20T04:13:16.782Z,32.51117,35.019353,89.0999984741211
2015-08-20T04:13:19.841Z,32.511213,35.019291,90.30000305175781
2015-08-20T04:13:20.799Z,32.511225,35.019267,91.4000015258789
2015-08-20T04:13:24.818Z,32.511276,35.019184,91.80000305175781
2015-08-20T04:13:25.969Z,32.511286,35.019163,92.0999984741211
2015-08-20T04:13:29.993Z,32.511319,35.01907,92.19999694824219
2015-08-20T04:13:30.782Z,32.51133,35.019048,92.69999694824219
2015-08-20T04:13:34.847Z,32.511367,35.018962,92.19999694824219
2015-08-20T04:13:35.784Z,32.511371,35.01894,91.9000015258789
2015-08-20T04:13:40.817Z,32.511413,35.01886,92.0999984741211
2015-08-20T04:13:41.783Z,32.511419,35.018845,92.0
2015-08-20T04:13:47.873Z,32.511452,35.018747,90.4000015258789
2015-08-20T04:13:48.828Z,32.511457,35.018728,91.0
2015-08-20T04:13:52.897Z,32.511486,35.018646,92.4000015258789
2015-08-20T04:13:53.799Z,32.511495,35.018627,91.9000015258789
2015-08-20T04:13:57.883Z,32.511541,35.018559,92.5
2015-08-20T04:13:58.794Z,32.511551,35.018542,91.80000305175781
2015-08-20T04:14:03.880Z,32.511598,35.01846,92.80000305175781
2015-08-20T04:14:04.928Z,32.511604,35.018444,92.5999984741211
2015-08-20T04:14:10.074Z,32.511663,35.018369,92.80000305175781
2015-08-20T04:14:10.882Z,32.511675,35.018355,92.4000015258789
2015-08-20T04:14:16.882Z,32.511724,35.018267,90.4000015258789
2015-08-20T04:14:17.787Z,32.511738,35.018253,90.5
2015-08-20T04:14:21.900Z,32.511797,35.018196,89.0999984741211
2015-08-20T04:14:22.795Z,32.511806,35.018176,88.80000305175781
2015-08-20T04:14:27.035Z,32.511863,35.018103,93.5
2015-08-20T04:14:27.814Z,32.511876,35.018086,93.30000305175781
2015-08-20T04:14:32.930Z,32.51191,35.01799,91.30000305175781
2015-08-20T04:14:33.823Z,32.511919,35.017974,91.0
2015-08-20T04:14:39.152Z,32.511969,35.0179,93.0
2015-08-20T04:14:39.822Z,32.511981,35.017886,92.30000305175781
2015-08-20T04:14:45.935Z,32.512028,35.017796,94.19999694824219
2015-08-20T04:14:46.797Z,32.512037,35.017785,94.19999694824219
2015-08-20T04:14:52.855Z,32.5121,35.017713,93.9000015258789
2015-08-20T04:14:53.800Z,32.512113,35.017704,94.69999694824219
2015-08-20T04:14:58.953Z,32.512166,35.017636,96.30000305175781
2015-08-20T04:14:59.818Z,32.512176,35.017623,96.0999984741211
2015-08-20T04:15:05.903Z,32.512235,35.017543,96.80000305175781
2015-08-20T04:15:06.857Z,32.512245,35.01753,97.0
2015-08-20T04:15:12.020Z,32.512297,35.017461,94.19999694824219
2015-08-20T04:15:12.817Z,32.512305,35.017448,93.69999694824219
2015-08-20T04:15:19.098Z,32.512358,35.017372,95.19999694824219
2015-08-20T04:15:19.947Z,32.512367,35.017358,94.9000015258789
2015-08-20T04:15:24.889Z,32.512411,35.017285,94.30000305175781
2015-08-20T04:15:25.969Z,32.512421,35.01727,95.0
2015-08-20T04:15:31.057Z,32.51248,35.017192,96.4000015258789
2015-08-20T04:15:31.836Z,32.512492,35.017175,96.19999694824219
2015-08-20T04:15:36.910Z,32.512551,35.017096,98.19999694824219
2015-08-20T04:15:37.812Z,32.512563,35.017081,99.0
2015-08-20T04:15:42.857Z,32.512622,35.017014,97.19999694824219
2015-08-20T04:15:43.904Z,32.512629,35.016998,96.9000015258789
2015-08-20T04:15:48.929Z,32.512679,35.016924,98.0
2015-08-20T04:15:49.830Z,32.512686,35.016908,97.80000305175781
2015-08-20T04:15:54.946Z,32.512727,35.016819,98.69999694824219
2015-08-20T04:15:55.863Z,32.512735,35.0168,97.9000015258789
2015-08-20T04:15:59.939Z,32.512763,35.016714,97.0
2015-08-20T04:16:00.878Z,32.512769,35.016691,98.0
2015-08-20T04:16:05.942Z,32.512842,35.016637,99.80000305175781
2015-08-20T04:16:06.875Z,32.512859,35.016648,100.30000305175781
2015-08-20T04:16:10.956Z,32.512922,35.016715,100.0
2015-08-20T04:16:11.879Z,32.512936,35.016735,100.5
2015-08-20T04:16:15.900Z,32.512992,35.016803,101.5
2015-08-20T04:16:16.890Z,32.513005,35.016819,100.69999694824219
2015-08-20T04:16:20.894Z,32.51307,35.016871,102.4000015258789
2015-08-20T04:16:21.815Z,32.513084,35.016884,102.5
2015-08-20T04:16:27.117Z,32.513151,35.016949,105.4000015258789
2015-08-20T04:16:27.981Z,32.513166,35.016961,105.30000305175781
2015-08-20T04:16:31.960Z,32.513221,35.01702,106.5999984741211
2015-08-20T04:16:32.888Z,32.513232,35.017037,107.30000305175781
2015-08-20T04:16:36.966Z,32.513276,35.017107,106.19999694824219
2015-08-20T04:16:37.866Z,32.513287,35.017123,107.4000015258789
2015-08-20T04:16:43.057Z,32.51333,35.017208,108.80000305175781
2015-08-20T04:16:43.873Z,32.51334,35.017226,110.30000305175781
2015-08-20T04:16:47.848Z,32.513398,35.017278,109.5
2015-08-20T04:16:48.815Z,32.513411,35.017291,109.9000015258789
2015-08-20T04:16:52.875Z,32.513464,35.017348,111.19999694824219
2015-08-20T04:16:53.817Z,32.513477,35.017364,112.5
2015-08-20T04:16:57.999Z,32.513534,35.017427,113.4000015258789
2015-08-20T04:16:58.839Z,32.513548,35.017441,113.69999694824219
2015-08-20T04:17:03.026Z,32.513618,35.017485,113.0
2015-08-20T04:17:03.872Z,32.513639,35.01749,112.80000305175781
2015-08-20T04:17:07.843Z,32.513718,35.017455,113.5999984741211
2015-08-20T04:17:08.815Z,32.513731,35.017436,113.69999694824219
2015-08-20T04:17:11.930Z,32.51377,35.017373,114.0999984741211
2015-08-20T04:17:12.887Z,32.513784,35.017349,114.0
2015-08-20T04:17:15.874Z,32.513828,35.017284,114.5
2015-08-20T04:17:16.827Z,32.513843,35.017263,114.5999984741211
2015-08-20T04:17:19.920Z,32.513887,35.017201,114.4000015258789
2015-08-20T04:17:20.855Z,32.513897,35.017175,113.9000015258789
2015-08-20T04:17:24.052Z,32.51393,35.017102,113.5
2015-08-20T04:17:25.054Z,32.513935,35.017077,113.5999984741211
2015-08-20T04:17:27.916Z,32.51393,35.016994,113.9000015258789
2015-08-20T04:17:28.819Z,32.513929,35.016965,114.9000015258789
2015-08-20T04:17:31.911Z,32.513936,35.016881,114.9000015258789
2015-08-20T04:17:32.827Z,32.513941,35.016855,114.30000305175781
2015-08-20T04:17:36.970Z,32.513958,35.016764,113.5999984741211
2015-08-20T04:17:37.876Z,32.513959,35.016742,113.5999984741211
2015-08-20T04:17:41.925Z,32.513989,35.01666,113.5999984741211
2015-08-20T04:17:42.821Z,32.513999,35.016639,113.69999694824219
2015-08-20T04:17:46.931Z,32.514054,35.016579,111.9000015258789
2015-08-20T04:17:47.947Z,32.514065,35.016562,112.80000305175781
2015-08-20T04:17:51.892Z,32.514112,35.016492,113.69999694824219
2015-08-20T04:17:52.841Z,32.514126,35.016471,113.80000305175781
2015-08-20T04:17:56.908Z,32.51417,35.016384,114.19999694824219
2015-08-20T04:17:57.824Z,32.514178,35.016362,114.30000305175781
2015-08-20T04:18:01.921Z,32.51421,35.016274,114.30000305175781
2015-08-20T04:18:02.823Z,32.514221,35.016254,114.19999694824219
2015-08-20T04:18:06.896Z,32.514278,35.016184,114.80000305175781
2015-08-20T04:18:07.813Z,32.514296,35.016171,115.5999984741211
2015-08-20T04:18:10.895Z,32.514355,35.016146,115.5999984741211
2015-08-20T04:18:13.814Z,32.514421,35.016143,116.30000305175781
2015-08-20T04:18:17.869Z,32.514502,35.016162,117.5999984741211
2015-08-20T04:18:18.813Z,32.514522,35.016165,117.5
2015-08-20T04:18:22.862Z,32.514598,35.016182,117.4000015258789
2015-08-20T04:18:23.814Z,32.514616,35.016187,117.0999984741211
2015-08-20T04:18:27.863Z,32.514686,35.016171,116.69999694824219
2015-08-20T04:18:28.816Z,32.514703,35.016158,116.5999984741211
2015-08-20T04:18:32.870Z,32.514754,35.016085,116.5999984741211
2015-08-20T04:18:33.815Z,32.514765,35.01607,115.80000305175781
2015-08-20T04:18:37.847Z,32.514825,35.016018,117.30000305175781
2015-08-20T04:18:38.816Z,32.514843,35.016007,117.69999694824219
2015-08-20T04:18:42.882Z,32.514921,35.015984,117.5999984741211
2015-08-20T04:18:43.815Z,32.514942,35.015984,118.30000305175781
2015-08-20T04:18:47.897Z,32.51503,35.01597,118.30000305175781
2015-08-20T04:18:48.836Z,32.515053,35.01597,118.0999984741211
2015-08-20T04:18:50.877Z,32.515114,35.015958,116.4000015258789
2015-08-20T04:18:51.819Z,32.515146,35.015951,117.0999984741211
2015-08-20T04:18:54.007Z,32.515209,35.015942,117.0999984741211
2015-08-20T04:18:54.893Z,32.51524,35.015937,117.5
2015-08-20T04:18:57.939Z,32.515328,35.015943,118.5999984741211
2015-08-20T04:18:58.845Z,32.515358,35.015946,118.5
2015-08-20T04:19:01.992Z,32.515443,35.015964,118.30000305175781
2015-08-20T04:19:02.889Z,32.515462,35.015973,118.30000305175781
2015-08-20T04:19:06.990Z,32.515544,35.01601,118.69999694824219
2015-08-20T04:19:07.888Z,32.51556,35.016017,118.5999984741211
2015-08-20T04:19:11.886Z,32.515638,35.016042,118.5999984741211
2015-08-20T04:19:12.819Z,32.51566,35.016051,118.0
2015-08-20T04:19:16.911Z,32.515738,35.016069,117.9000015258789
2015-08-20T04:19:17.842Z,32.515757,35.016076,117.19999694824219
2015-08-20T04:19:21.908Z,32.515844,35.016087,116.4000015258789
2015-08-20T04:19:22.820Z,32.51587,35.016071,116.19999694824219
2015-08-20T04:19:25.934Z,32.515933,35.016016,116.0
2015-08-20T04:19:26.831Z,32.515953,35.015993,116.80000305175781
2015-08-20T04:19:29.879Z,32.516001,35.015918,116.5
2015-08-20T04:19:30.833Z,32.51602,35.015894,117.0
2015-08-20T04:19:34.152Z,32.516074,35.015828,116.5
2015-08-20T04:19:34.904Z,32.516091,35.015804,116.5
2015-08-20T04:19:37.851Z,32.516142,35.01573,116.5999984741211
2015-08-20T04:19:38.820Z,32.516157,35.015705,116.5
2015-08-20T04:19:41.881Z,32.516211,35.01564,115.4000015258789
2015-08-20T04:19:42.825Z,32.516225,35.015617,114.0999984741211
2015-08-20T04:19:45.963Z,32.516278,35.015551,113.5
2015-08-20T04:19:46.890Z,32.516301,35.015533,112.5
2015-08-20T04:19:49.987Z,32.516361,35.015468,112.0
2015-08-20T04:19:50.878Z,32.51638,35.015444,112.69999694824219
2015-08-20T04:19:53.937Z,32.516442,35.015369,112.5
2015-08-20T04:19:54.896Z,32.516462,35.015343,112.5999984741211
2015-08-20T04:19:58.048Z,32.516517,35.015264,112.30000305175781
2015-08-20T04:19:58.898Z,32.516537,35.015238,112.0999984741211
2015-08-20T04:20:01.965Z,32.516592,35.015157,110.0999984741211
2015-08-20T04:20:02.886Z,32.51661,35.015129,109.80000305175781
2015-08-20T04:20:05.959Z,32.516665,35.015048,107.69999694824219
2015-08-20T04:20:06.823Z,32.516683,35.015023,107.5
2015-08-20T04:20:09.926Z,32.516736,35.014943,107.5999984741211
2015-08-20T04:20:10.824Z,32.516754,35.014916,107.0999984741211
2015-08-20T04:20:14.040Z,32.5168,35.014835,106.0999984741211
2015-08-20T04:20:14.888Z,32.516818,35.01481,105.19999694824219
2015-08-20T04:20:17.897Z,32.516873,35.014737,106.4000015258789
2015-08-20T04:20:18.844Z,32.516889,35.014709,106.4000015258789
2015-08-20T04:20:21.996Z,32.516933,35.014617,103.5
2015-08-20T04:20:22.897Z,32.516945,35.014584,103.0999984741211
2015-08-20T04:20:24.905Z,32.516971,35.014518,103.80000305175781
2015-08-20T04:20:25.835Z,32.516984,35.014484,104.19999694824219
2015-08-20T04:20:28.982Z,32.51702,35.014387,104.80000305175781
2015-08-20T04:20:29.923Z,32.517035,35.014355,105.19999694824219
2015-08-20T04:20:32.863Z,32.517087,35.014279,102.9000015258789
2015-08-20T04:20:33.994Z,32.517098,35.014264,102.4000015258789
2015-08-20T04:20:42.329Z,32.517142,35.014212,103.4000015258789
